designation	annee	kilometrage	prix
Alfa Romeo 147 1.9 JTD	2006	86500	9990
Alfa Romeo 147 TI 150CV serie SPECIAL sport	2006	67000	13400
ALFA 147 DUCATI 170cv - Sous garantie	2009	25000	25000
Alfa 147	2001	89000	6000
Alfa Romeo 147 2.0 L Selespeed Twin Spark 3 portes	2001	148000	5600
Alfa Romeo 147 1.9JTD 16v 140cv	2004	95000	9900
Alfa Romeo GT 1.9 JTD 150 Cuir GPS Distinctive	2005	85000	12990
ALFA ROMEO GT coupe 150 CV DIESEL	2007	41095	15780
Alfa romeo 166 jtd 2.4 stronic 175 cv selective	2003	140000	9500
ALFA ROMEO 156 1.9 jtd SPORTWAGON 115cv	2001	39000	3300
Alfa romeo 156 1.9 jtd	2001	192000	4500
Alfa romeo 156 sw 1.9 jtd 115 cv an. 2004	2004	99300	9000
Alfa romeo 156 sw 1.9 jtd 115 cv an. 2004	2004	99300	9000
Alfa romeo 156 sw 1.9 jtd 115 cv an. 2004	2004	99300	9000
Alfa romeo 159 1.9 jtdm 150 cv distinctive	2006	53500	13700
Alfa romeo 159 1.9 jtdm 150 cv distinctive	2006	53500	13700
Alfa 156	2004	117000	9800
Alfa 156	2004	117000	9800
Alfa romeo 156 jtd	2003	84000	9000
Alfa 156	2000	164000	4000
ALFA ROMEO 166 2.0 TS 155 CV / Twin Spark	1998	120850	4800
Alfa Romeo GT Q2 2008	2008	37700	20200
Alfa Romeo GT Q2 2008	2008	44000	17900
Superbe Alpha Romeo GT 1.9L JTD 150 CV	2008	15000	18000
Audi a3 sportback 1.9 l tdi 105 cv ambition faceli	2008	26500	21900
Audi A3 Sportback 2.0 TDI 170 ch Quattro S Line	2006	124000	16800
Audi a3 sportback 2.0 tdi 140 cv 2005	2005	94500	13500
Audi A3 2L TDI 170CV S-Line	2007	46000	22750
Audi a 3 1.9 tdi	2002	169000	6000
AUDI A3 SPORTBACK 1&virgule	1995	2006	5000
AUDI A3 S-Line 2.0 TDI 140Ch	2006	63000	19000
Audi a3 2.0 tdi	2004	112700	12800
Audi A3 Sportback 2.0 TDI (140cv ) Ambition	2006	87000	14500
AUDI A3 Sportback ambition luxe	2005	112882	14850
Audi A3 Sportback 2.0 TDI (140cv ) Ambition	2006	87000	14500
AUDI A3 Sportback ambition luxe	2005	112882	14850
Audi A3 SPORBACK 1.9 tdi 105 S LINE	2006	88500	21000
Audi A3 2.0tdi 140cv noire metal	2004	132000	11900
Audi A3 SPORBACK 1.9 tdi 105 S LINE	2006	88500	21000
Audi A3 SPORBACK 1.9 tdi 105 S LINE	2006	88500	21000
Audi A3 AMBITION 2009	2009	23000	22600
Audi a3 sportback	2008	25000	20000
Audi A3 AMBITION 2009	2009	23000	22600
Audi a3 sportback	2008	25000	20000
Audi A3 sporback	2007	78000	17200
Audi A3 sporback	2007	78000	17200
Audi A3 ambition 1.9 tdi	2007	51000	16350
Audi a3 2.0 tdi 170ch s-line prix negociable	2007	91000	17800
Audi a3 tdi 130 cv	2001	203000	6850
Audi A3 Sportback 1.9 Tdi Noire modele Ambition	2006	62000	14900
Audi A3 Sportback 1.9 Tdi Noire modele Ambition	2006	62000	14900
Audi a3 tdi dpf 11/2006 - ETAT NEUF	2006	77000	15900
Audi a3 tdi 1.9 ambition 130 cv	2003	153000	9400
Audi a3 1.9 tdi 130cv ambiante	2003	128000	9900
A3 1.9l tdi 130 cv ambiente bv6	2002	109000	10000
Audi A3 sportback 1.9 TDI 105 cv ambition	2005	72000	14200
Audi A3 sportback 1.9 TDI 105 cv ambition	2005	72000	14200
AUDI A3 1.9 tdi	1997	216000	6000
AUDI A3 sportback 1.9 l 105 ambiente bv5	2008	46500	19500
Audi A3 sportback 1.9 TDI 105 cv ambition	2005	72000	14200
AUDI A3 1.9 tdi	1997	216000	6000
AUDI A3 sportback 1.9 l 105 ambiente bv5	2008	46500	19500
Audi A3 sportback 2.0 TDI 140cv DSG GPS	2005	85000	16500
Audi a3 sportback ambition 2.0 tdi 140 cv	2008	21000	22900
A3 2.0 dsg s-tronic tdi ambition luxe	2006	56000	21200
A3 2.0 TDI 140cv S-Line &virgule	2005	26000	25000
Audi A3 Cabriolet 2.0 TDI Ambition 140cv Ref:O13	2009	11450	26090
Audi A3 S-Line 2.0 TDI 170&virgule	2009	58200	21990
Audi A3 Ambition Luxe 2.0 TDI 140cv Ref:O10	2008	30500	24190
AUDI A3 - TDI 2.0 AMBITION 140CV. Decembre 2003	2003	87000	13500
AUDI A3 - TDI 2.0 AMBITION 140CV. Decembre 2003	2003	87000	13500
Audi A3 Cabriolet 1.9 TDI DPF / Cuir et G.P.S	2009	11300	28500
AUDI A3 1.9 TDI 105 cv excellent etat	2007	33000	19000
Audi a3 2.0 tdi ambition	2004	120000	11500
a Saisir Audi A3 TDI 140 Ambition Luxe	2006	78000	15800
AUDI A3 SPORTBACK 2.0 TDI 140 CV - 49 000 kms	2006	49000	17900
Audi A3 Ambition 2.0l tdi 140cv 6 Vitesses	2005	45000	19000
Audi A3 sportback	2007	34000	17500
Audi A3 S-LINE 2.0 TDI	2009	23800	27600
Audi a3 2.0 tdi 140 ch pack ambition	2004	145000	10500
Audi a3 tdi 2.0 ambition 140	2007	52000	17300
Audi A3 SPORTBACK 2&virgule	2008	135000	21960
Audi a3 1.9tdi 14.500km 3 portes noir brillant	2008	14500	22000
Audi a3 1.9 tdi ambiente	1999	246000	5400
A3 ambition facelift 2.0tdi 140cv jtes exc 03/2009	2009	9620	23970
Audi a3 2.0l tdi sportback s-line 2008 5800kms	2008	5800	24990
Audi A3 sportback 1.9l tdi	2006	75000	16500
Audi a3 facelift 1.9 tdi ambition dpf 105 ch	2008	33200	19200
Audi A3 TDI 140 CV	2006	140000	12000
Audi a3 sporback	2006	63000	16100
Audi A3 2.0L tdi ambition	2003	193000	9500
Belle AUDI A3 1&virgule	1998	216000	5500
AUDI A3 1.9TDI 130 S-LINE AN 02 NOIR CUIR 8500e	2002	171000	8500
Audi a3 1.9 l tdi 110 cv	1998	230000	4000
Audi A3 Sportback 1.9 TDI s-line Ref:B25	2009	29900	23390
AUDI A3 SPORTBACK 2.0L 170cv S-LINE	2007	60000	20000
Audi A3 S-line 2.0L 140 ch 2008	2008	47000	19990
Audi A3 Sportback 2.0 TDI Ref:43	2008	33500	21200
Audi A3 s line	2008	22500	23500
Audi a3 sport back s line 2009 2.0 l tdi 140 ch	2009	18000	24990
Audi a4 avant 2.0 tdi 140 ch ambiente bv6	2006	68900	17990
AUDI A4 1&virgule	2001	94500	9900
Audi A4 2&virgule	2008	29500	24990
Audi A4 1&virgule	2003	135000	10500
Audi A4 2.5 TDI quattro 150 cv	1999	150000	8900
Audi A4 1.9 TDI accidente	1996	190000	1000
Audi A4 1.9TDI PACK LUXE 115 CV	2000	168000	9000
Audi a4 new ambition 2.0 tdi fap	2009	24000	26300
Audi a4 1.9 tdi 100 cv toute options etat neuf	2002	168000	7700
Audi a4 1.9 tdi 100 cv toute options etat neuf	2002	168000	7700
Audi a4 avant 1.9 tdi 130cv noir	2004	93000	12500
Audi a4 tdi 2.5 Multitronic	2003	150000	12200
Audi a4 avant 1.9 tdi 130cv noir	2004	93000	12500
Audi a4 tdi 2.5 Multitronic	2003	150000	12200
A4 sport 2.0 tdi 143 cv	2008	57000	25900
Audi a4 1.9 tdi ambiente	2006	82500	14900
A4 sport 2.0 tdi 143 cv	2008	57000	25900
Audi A4 TDi 115cv 2001 8000	2001	129900	8000
Audi A4 TDi 115cv 2001 8000	2001	129900	8000
Audi A4 break	2000	113000	9500
Audi A4 - 1.9TDI - 130CV	2002	193000	8000
Audi A4 break	2000	113000	9500
Audi A4 - 1.9TDI - 130CV	2002	193000	8000
Audi A4 2.0 TDI 143 CV Ambition luxe BV6	2008	39700	27990
Audi A4 2.0 TDI 143 CV Ambition luxe BV6	2008	39700	27990
A saisir audi a4 tdi 130 pack - faible kilometrage	2004	93000	12400
A saisir audi a4 tdi 130 pack - faible kilometrage	2004	93000	12400
Audi a4 breack tdi 130 pack plus contre touran	2002	147500	11500
Audi a4 bk v6 2.5 tdi 163cv multitronic quatro	2002	126000	7900
Audi a4 bk v6 2.5 tdi 163cv multitronic quatro	2002	126000	7900
Audi a4 avant 2.0 tdi 140 cv noire	2007	55000	20000
Tres belle audi a4 tdi 130	2002	170000	7800
Audi A4 breack quattro	2002	95000	12300
Echange audi a4/s4	1997	230000	4300
Audi A4 s-line serie limitee	2003	227500	9990
Audi a 4 1.9tdi 130ch	2002	204000	7200
Audi A4 Break&virgule	2004	162000	9900
Audi a 4 2&virgule	2003	142000	12900
A4 ambition luxe multitronic 100mkms ct vierge	2005	100000	16500
A4 2.0l TDI 140cv AMBITION LUXE MULTITRONIC 98000K	2005	100000	16500
Av A4 ambiente 2.5 tdi 163 multitronic	2005	47910	18500
AUDi A4 1.9 TDi 110chv RS4	1998	260000	3500
Audi a4 1.9 tdi 90cv	1995	290000	3000
A4 avant 2.0 tdi 140 cv s/line clim auto+j.alu 17	2006	54618	19150
A4 avant s/line 2.0tdi 143cv navi+xenon+l 04/2009	2009	27107	32970
A4 cabriolet s/line 2.0tdi 140cv xenon+cuir+bose+p	2006	40935	23970
A4 ambiente 2.0 tdi 143 cv navi+xenon+leds 09/2008	2008	26975	26450
Audi a4 break sline pack int + ext 2.0 tdi 2008	2008	74000	21000
Audi a4 avant 1.9 tdi 130 cv pack plus	2004	106000	14000
Audi a4 break tdi	2002	122000	14300
Audi a4 130cv model 2002	2001	157000	7500
Audi A4 1.9 TDI	2002	107200	9900
AUDI a4 2.5tdi v6	1998	183500	4700
AUDI A4 Avant 2.5 TDI 163cv	2004	188000	9500
Audi a4 avant 2.0 tdi ambition luxe	2005	91000	16700
Audi a4 s line 2.0 140cv multitronic	2007	99500	19900
Audi a4 tdi 130	2002	131000	9500
Audi A4 1.9L TDI 130 CV	2001	138000	9900
Audi A4 avant break 1.9TDI 130ch pack plus	2002	154991	10599
AUDI A5 Cabriolet S-LINE 2.0 TSI 211 Quattro	2009	9000	46900
AUDI A5 Cabriolet S-LINE 2.0 TSI 211 Quattro	2009	9000	46900
AUDI A5 Cabriolet S-LINE 2.0 TSI 211 Quattro	2009	9000	46900
AUDI A6 TDI AVANT BREAK AMBIENTE GPS + Regulateur	2006	67500	22000
Audi a6 2.0 tdi	2006	174000	14900
Audi a6 en suberbe etat	2004	106000	13000
Audi A6 2.5 TDI 150 CV&virgule	2001	121000	10990
Audi a6 en suberbe etat	2004	106000	13000
Audi A6 2.5 TDI 150 CV&virgule	2001	121000	10990
AUDI A6 avant 2.0 TDI Ambition Luxe 2006	2006	112000	19000
AUDI A6 avant 2.0 TDI Ambition Luxe 2006	2006	112000	19000
AUDI A6 QUATTRO 4X4 TDI ==echange==	2002	122300	12850
Audi A6 break 2.5L TDI 150cv	1998	153000	7800
Audi A6 break 2.5L TDI 150cv	1998	153000	7800
AUDI A6 ALLROAD 2&virgule	2002	174000	12900
AUDI A6 ALLROAD 2&virgule	2002	174000	12900
Audi A6 2.5 tdi mellesime 1997 toute options	1996	234000	4000
Audi a6	1997	380000	3000
Audi A6 break 2.5 tdi quattro pack luxe	2000	320000	7500
Audi a8 v6tdi 2.5l 150cv 9800euro	1998	236000	9800
AUDI Q5 2.0 TDI 170 Cv CUIR 2009 NOIR	2009	28200	39200
AUDI Q5 2.0 TDI 170cv XENON CUIR - GPS	2008	7000	42400
Audi S3 2&virgule	2008	24260	33000
118 D confort 143CV 24000km du 12/2008 GPS16/9	2008	24000	19000
BMW 118 Diesel 122 ch Confort BV6. 5 portes	2006	76500	16900
BMW 118 Diesel 122 ch Confort BV6. 5 portes	2006	76500	16900
BMW 118D Confort BVA6 / 5P / 12.06.09 / 13000km	2009	13000	22900
Bmw 120d	2009	15600	27500
Bmw 320d e46	2001	97000	8000
Chevrolet Captiva LT Pack 150cv faible kilomatrage	2007	28000	21400
Chrysler PT Cruiser 2.2 CRD Route 66	2006	83000	12600
Pt cruiser touring 2.2 crd	2003	81000	8500
Chrysler - Pt Cruiser touring CRD	2002	165200	8700
Chrysler - Pt Cruiser touring CRD	2002	165200	8700
CHRYSLER PT CRUISER 2.2 CRD OLYMPIA 150ch	2006	73660	10900
Pt Cruiser 2.2 CRD Touring Noir 07/2004 100000kms	2004	100000	8400
Citroen c4 2.0hdi 138cv exclusive&virgule	2007	99900	10490
Citroen c4 picasso hdi 138 cv collection + gps	2009	8000	23490
Citroen c4 picasso hdi 138 cv collection + gps	2009	8000	23490
C4 VTS HDI 2.0 litre 138 chx 2005	2005	65000	13200
C4 VTS HDI 2.0 litre 138 chx 2005	2005	65000	13200
Grand c4 piccasso eclisive pack plus	2008	71000	21000
Citroen c5 2.2hdi 136ch	2003	196000	3500
A Saisir C5 2.2HDi 136CV 1ere main	2002	105000	7000
Tres belle citroen c5 exclusive 2.2 hdi 138	2001	159000	6300
Citroen C5 hdi exclusive cuir 108000km luxauto	2005	108000	8900
Citroen C5 Berline 2.0 L HDi 140 CV	2010	200000	23700
Citroen c5 ii 2.0 hdi 138 fap exclusive	2008	23000	20490
Citroen C6 2.2 HDi Exclusive	2007	22000	21900
Citroen C6 2.2 HDi Exclusive	2007	22000	21900
C8 2.0 hdi 110cv 09/2004 gps 67000kms 6 sieges	2005	67000	11200
C8 2.0 hdi 110cv 09/2004 gps 67000kms 6 sieges	2005	67000	11200
C8 Citroen HDI 138CV Exclusive 7 places	2009	14500	27500
CITROEN C8 2.2 hdi 130 CH pack fap noir	2004	149000	10500
CITROEN C8 2.0L 143cv an2006-29700km COMME NEUF	2006	29700	21000
TRES URGENT c8 2.0 pack 16v 110cv 7places merci	2003	90000	10200
C8 2.2 130 ch HDI PACK FAP	2004	149000	11500
C8 2.0 16v hdi exclusive revise garantie 1 an	2006	117030	13600
CITROEN XM.2.5L.TD.136cv.EXCLUSIVE. magnifique	1999	176000	5000
Xsara Picasso 2.0HDi pack	1993	155500	3950
CITROEN Xsara 2.0 VTS 137 ch	2001	115000	4000
Citroen Xsara 2 exclusive 2.0 HDI 90cv an2002 CTOK	2002	130000	3990
Belle citroen xsara 2.0 hdi 90ch exclusive	2001	203120	3790
Picasso 2.0 hdi 90cv	2000	207000	3700
Xsara exclusive 2.0 hdi 110cv bva affaire	2003	128000	4490
Citroen xsara picasso 2.0 hdi 90 ch exclusive gtie	2003	153000	5990
Citroen xsara picasso 2.0 hdi	2003	141133	6990
Citroen xsara break 2.0 hdi 90cv sx	2001	147000	3990
Citroen zxara	2000	155000	4000
Citroen zxara	2000	155000	4000
CITROEN XSARA II 2.0 HDI 90 cv	2001	240000	3000
Citroen zxara	2000	155000	4000
Citroen XSARA 2.0 HDI 90CH 5 portes	2003	167000	4700
Voiture xsara citroen 110 cv	2001	137000	5900
Citroen xsara 2.0 HDI	2003	92000	7500
Citroen xsara 2.0 HDI	2003	92000	7500
A SAISIR XSARA VTS 2.0 167 Cv - Cuir - Clim	2000	164000	3900
A SAISIR XSARA VTS 2.0 167 Cv - Cuir - Clim	2000	164000	3900
Xsara picasso hdi	2000	192000	4000
Citroen picasso 2.0l hdi 90 cv	2002	143000	5500
Citroen picasso 2.0 hdi 90 cv a-r-o	2002	145000	5990
Citroen xsara break 2.0hdi 90 an 2000 245000km tbe	2000	245000	2800
Citroen xsara 1.9d 70cv	2002	155000	2500
Citroen xsara picasso pack clim. 2.0l hdi rouge 90	2001	149200	6200
Citroen Picasso Diesel	2005	66000	9300
CITROEN XSARA Exclusive 2.0L HDI 110Cv	2001	131000	4900
Citroen XSARA 2002 2.0 HDI EXCLUSIVE	2002	140000	5500
Picasso 2.0 hdi pack clim revise garantie 3 mois	2003	164652	6900
Bravo 2.0 MTJ 165ch Sport	2009	6500	21300
Bravo 2.0 MTJ 165ch Sport	2009	6500	21300
Fiat Bravo II 1.9 M-Jet 150 Cv EMOTION	2008	29300	12300
Fiat bravo dynamique jtd	2007	34800	12300
Fiat Croma 1.9 Mjet 120 CV Dynamic - 40750 km	2007	40750	13190
FIAT DOBLO 1.9 JTD 105cv	2004	95000	5700
Fiat marea week end	1997	217000	2000
Fiat grande punto sport 130ch	2006	47500	12500
Fiat grande punto sport 130ch	2006	47500	12500
Fiat grande punto 1.9 mjt 130cv sport	2007	52000	10000
FIAT GRANDEPUNTO 1.9 JTDiesel 120 CV EMOTION	2006	65000	7200
Fiat grande punto 1&virgule	2006	46000	10500
Fiat punto II 1.9L JTD EL clim 80cv	2002	113000	4700
FIAT 4x4 SEDICI 1.9 JTD120 EMOTION 5p	2007	34000	13607
SMART Roadster Coupe Glance Grey	2003	120000	4500
SMART Roadster Coupe Glance Grey	2003	120000	4500
Fiat stilo schumacher	2005	103000	11000
Fiat stilo 1.9 jtd 140ch 2005 153500km 5490	2005	153500	5490
Fiat Stilo 1.9l JTD 115CH&virgule	2002	166000	4800
Fiat stilo abarth	2003	117000	4900
Monospace fiat ulysse 2L2 --- 136cv	2005	160000	10500
Fiat stilo	2003	154700	5800
Fiat stilo	2003	154700	5800
Monospace fiat ulysse	2006	98000	12800
Monospace fiat ulysse	2006	98000	12800
Affaire a saisir fiat stylo	2004	130500	7500
FIAT Stylo	2003	140000	6000
Fiat stylo	2003	144000	4000
Ford C Max Ghia 2l TDCI 34000km	2006	34000	13500
Ford focus 2.0 tdci 133 cv	2003	129000	7490
Ford focus C MAX GHIA 2.0l 136cv	2004	100000	9300
Focus st 225ch 2007	2007	28000	17000
A saisir ford kuga occasion	2009	14900	22995
Ford Kuga Titanium 2.0 TDI 136cv 18 000 km 07/09	2009	18000	25790
Ford Kuga 4x4 Titanium 2.0 TDCI 136&virgule	2009	21950	25890
Ford Kuga Titanium 4x4 2.0 tdci 136 cv Ref:O9	2009	20715	25390
Ford Kuga Titanium 4x4 2.0 tdi Ref:39	2009	28100	25190
FORD KUGA TITANIUM NOIRE Ref:E1	2008	20900	23690
Ford mondeo 2.0 di 115 ch de2001	2001	116000	6500
Ford mondeo 2.0l di 115	2002	200000	2300
Ford Mondeo 2.0 l TDCI 130cv Ghia	2003	190000	6000
Ford Mondeo 2.0 l TDCI 130cv Ghia	2003	190000	6000
Mondeo Titanium 155 CV 2.2 L Diesel 9500	2005	125000	9500
Mondeo break TDCI 115 cv X-trend	2003	173000	5500
Mondeo break TDCI 115 cv X-trend	2003	173000	5500
FORD MONDEO 2 trend berline 157000km	2002	157000	4200
Ford Mondeo 2.0L TDDI 115CV Trend 2002	2002	113000	5200
Ford Mondeo Ghia X&virgule	2008	28000	19490
Ford Mondeo 2.0 TDCi Automatique 140cv 14752 km	2009	14752	24990
OUTLANDER 7 places 2.0 DID 140 INTENSE NEUF	2009	1	26550
FORD RANGER 4x4	2008	52000	22000
Ford S-Max 2.0 Tdci 130cv Titanium Bva 7 places	2008	36900	21900
Ford S-Max 2.0 Tdci 130cv Titanium Bva 7 places	2008	36900	21900
Opel Zafira Elegance 2.2L DTi 125cv 16V&virgule	2003	144500	7890
Honda accord 2.2 ctdi sport	2007	84000	15500
Belle honda accord 2.2 i vtec BVA	1996	230000	2800
Honda civic break 2.0 td 105 cv	1998	299800	2500
Honda civic break 2.0 td 105 cv	1998	299800	2500
Honda civic break 2.0 td 105 cv	1998	299800	2500
Honda Civic 2.2 icdti FAP Sport 140ch	2008	13500	16750
Honda Cr-v (2) 2.2 CTDI 140 CH EX	2005	115000	14600
Honda CRV 2.2 iCTDi 140cv	2005	106000	14000
Honda FRV 2.2 CTDI Confort Pack 1ere Main 55000 K	2006	55000	14900
Honda FRV 2.2 CTDI Confort Pack 1ere Main 55000 K	2006	55000	14900
Honda FRV 2.2 CTDI Confort Pack 1ere Main 55000 K	2006	55000	14900
Honda fr-v 2.2 ctdi executive 140cv 6 places + opt	2008	23000	26000
Hyundai elantra crdi	2004	190000	4500
Coupe Hyundai 2.0L FX 143cv	2002	144000	5900
Coupe Hyundai 2.0L FX 143cv	2002	144000	5900
MONOSPACE HYUNDAI - 2.5 TD 100CV - 162000km -Tinte	2000	162000	5100
Hyundai santa fe 2.0 crdi 125 ch	2005	125000	13500
Hyundai tucson 2.0 crdi 140 2wd	2008	55000	15000
HYUNDAI TUCSON 2.0 CRDI 4WD PACK LUXE 112ch	2005	90100	10500
Hyundai tucson 2.0l crdi 140cv 4*4 pack confort	2006	58000	13900
HYUNDAI TUCSON 2.0 CRDI 4WD PACK LUXE 112ch	2005	90100	10500
Hyundai tucson 2.0l crdi 140cv 4*4 pack confort	2006	58000	13900
Hyundai tucson 2.0 crdi	2005	104000	10000
Hyundai Tucson	2007	54000	15000
Jaguar x-type 2.0l D 130ch collection &virgule	2005	82000	16500
Kia Sorento 2.5 L CRDi 170 CV EX Major	2009	15000	19000
KIA Sportage 2.0l CRDI de 2008	2008	50000	17300
LANCIA Lybra 2.4 JTD EXECUTIVE 150 Cv	2002	129000	6800
Lexus is 220d pack muktimedia ou echange	2006	39500	20000
Mazda 3 Performance Pack 2.0L MZR-CD 143 cv	2007	41400	14500
Mazda 3 Sport 2.2L MZR-CD 185 cv	2009	3500	21900
Mazda 3 Sport 2.2L MZR-CD 185 cv	2009	3500	21900
Mazda rx8 elegance pack	2004	53000	14950
Mercedes Classe A AvantGarde 180CDI	2005	110000	11990
Mercedes Classe A AvantGarde 180CDI	2005	110000	11990
Mitsubishi Pajero 2.5 Turbo d intercooler 115 cv	1990	195000	2500
Astra Cosmo 120ch 1.9l CDTI	2007	20100	12000
NISSAN 4x4 _ 2.2 DCI 136 CH COLUMBIA pack cuir	2006	135000	12200
NISSAN 4x4 _ 2.2 DCI 136 CH COLUMBIA pack cuir	2006	135000	12200
Nissan primera 1.9l DCI	2004	95000	9000
NISSAN PRIMERA 5p 2.2L DCi 138ch Acenta Pack GPS	2006	83653	9990
NISSAN PRIMERA 5p 2.2L DCi 138ch Acenta Pack GPS	2006	83653	9990
NISSAN PRIMERA 5p 2.2L DCi 138ch Acenta Pack GPS	2006	83653	9990
Nissan x-trail diesel premiere main	2004	147000	9000
NISSAN X TRAIL phase 3 2.2 DCI confort pack family	2005	81800	12500
NISSAN X TRAIL phase 3 2.2 DCI confort pack family	2005	81800	12500
Missan x-trail	2003	68738	10400
4x4 nissan x-trail	2004	88000	12500
A SAISIR Nissan X-Trail 2.2 DCI 136 CV Confort	2004	160000	7900
Nissan x-trail 2.2 dci 136ch	2005	120000	14500
Opel Astra 2.0l DTI 16S edition GPS	2001	152000	4800
Opel Astra 2.0l DTI 16S edition GPS	2001	152000	4800
Opel ASTRA cosmo 1.9 CDTI 120	2005	119000	9100
Opel astra gtc 1.9 l cdti cosmo coupe sport	2006	60000	13000
Opel astra 2.16S	1999	79000	4000
OPEL ASTRA 1&virgule	2006	65000	11000
OPEL ASTRA 1&virgule	2006	65000	11000
OPEL ASTRA GTC 1.9 CDTI 150ch SPORT reprise possib	2005	112000	10900
OPEL ASTRA 1&virgule	2006	65000	11000
OPEL ASTRA GTC 1.9 CDTI 150ch SPORT reprise possib	2005	112000	10900
Astra II 2.0 16S OPC 160cv 3p	2001	150000	5700
Astra II 2.0 16S OPC 160cv 3p	2001	150000	5700
Opel Astra 2.2 DTI	2003	110000	8000
Opel astra GTC	2006	79000	12000
Opel astra GTC	2006	79000	12000
Astra gtc 150 cv garantie opel	2005	79000	12000
Opel astra GTC 150CV	2006	105000	9800
Opel astra 2.0dti 2004	2004	148000	5000
Opel Astra GTC 1.9 CTDI 120 cv cosmo 05/2007	2007	45200	15000
Opel Astra GTC 1.9 CDTI DPF Cosmo	2007	53000	16990
Astra cosmos 2005	2005	66000	10500
Astra sport 2.2l Diesel 125ch rare	2003	165000	6600
Opel omega 2.5l v6	1998	180000	1500
Opel Vectra GTS 2.2 DTI 125 cv	2003	157000	6600
Opel vectra 2&virgule	2001	130000	3800
Opel vectra 2.5 v6 cdx pack cuir bva	1999	151000	2790
OPEL VECTRA ANNEE 94 2.0i 2500	1994	165000	2500
Opel vectra 2.2 dti	2003	140000	6200
Opel Vectra GTS III 2&virgule	2003	100000	8500
Opel Vectra Breack 1.9 CDTI 05/08 Ref:C2	2008	37500	16690
Opel zafira 120ch	2006	78000	13000
Opel zafira 1.9 CDTI 120ch cosmo fap	2007	84000	13000
Zafira 1.9cdti enjoy	2006	105000	10500
Opel zafira 2.0 dti 100cv elegance an 2003 7places	2003	121000	6500
Opel ZAFIRA 1.9 L CDTI 150 CV DIESEL COSMO EDITION	2006	66000	12950
Opel ZAFIRA 1.9 L CDTI 150 CV DIESEL COSMO EDITION	2006	66000	12950
Opel zafira	2008	76800	13900
Opel zafira	2008	76800	13900
OPEL ZAFIRA 1.9 CDTI FAP 120cv COSMO PACK	2008	13500	19500
OPEL ZAFIRA 1.9 CDTI FAP 120cv COSMO PACK	2008	13500	19500
OPEL ZAFIRA B 1.9 CDTI 120CH cosmo fap	2007	55000	14800
OPEL ZAFIRA B 1.9 CDTI 120CH cosmo fap	2007	55000	14800
Opel zafira 2.2 dti 16v elegange 2004+garantie	2004	120000	8500
Zafira 2.0 dti elegance	2001	203000	4850
Opel Zafira 2.2 DTI Elegance	2003	145000	7000
Opel zafira 2.2 dti elegance 125 cv	2003	124000	7500
Zafira 2.2DTI125 Disney Elegance &virgule	2005	129000	7850
Zafira 1.9 cdti 100 ch Enjoy	2006	89303	11990
Zafira magnetic dec 2007 49000km 120cv sous argus	2008	49000	16000
Opel zafira	2009	15000	18000
ZAFIRA II 1.9 CDTI 120CV ENJOY PACK FAP noir	2006	65500	12700
Opel zafira	2006	57000	14200
Opel Zafira pack DVD 2.0l DTI 16V 100ch-165000km	2003	165000	6500
Opel zafira 1.9cdti 120	2007	65000	14700
Opel Zafira 1	2005	128600	9000
Opel zafira 2.2 dti 125ch 2004	2004	146000	9000
Opel zafira 2.2l dti	2005	78000	12100
Opel zafira 2.2l dti	2005	78000	12100
Monospace opel zafira cosmo 1.9 cdti FAP urgent	2006	59830	12800
Zafira 2.2 DTI 7 pl elegance125 ch	2005	67000	9500
OPEL ZAFIRA Enjoy pack limited 1.9 CDTi 100ch	2009	100	18990
Peugeot 206 Quicksilver 2.0l hdi	2002	160000	5000
Peugeot 206 SW XS 2.0 HDI 90ch	2003	91000	7600
206 2.0l xs hdi	2000	180000	5000
206 HDI Premium 2.0 l 90 ch TOUTE OPTION	2002	215000	4200
206 HDI Premium 2.0 l 90 ch TOUTE OPTION	2002	215000	4200
PEUGEOT 206 SW 2.0 HDi 90cv XS	2003	220000	4900
PEUGEOT 206 SW 2.0 HDi 90cv XS	2003	220000	4900
Peugeot 206 CC 2.0 L 16S Premium Pack Cuir BM5	2002	119000	4990
206 s16 2.0l	2001	140000	6900
Peugeot 206 SW BREAK 2.0 L HDI 90 PACK QUIKSILVER	2004	84000	7950
Peugeot 206 XS 2.0L HDI 90ch	2002	118000	5400
206 Peugeot 2.0L HDI 90 ch	2000	122000	5750
Peugeot 206 HDI 90 tres bon etat	2001	145000	5400
Peugeot 206 quiksilver 2.0 L hdi 90	2002	179054	5700
Peugeot 206 2.0 hdi 90 ch xt 5 portes	2003	165200	5900
Peugeot 207 premium pack 2.0 dhi 90cv 5 ptes 2008	2008	13500	12900
306 TD signature	1996	255000	2800
Peugeot 306 1.9 turbo diesel td 1994	1994	271000	1800
PEUGEOT 307 XS 5Ptes 2.0 HDI 110 - Diesel	2003	133000	6500
Peugeot 307 HDI 5 Portes	2003	110000	7000
Echange 307 2.0l HDI 136 cv Pack sport	2004	119000	10000
Peugeot 307 2.0 l hdi 110 cv serie xt clim 5 ptes	2004	128642	6700
307 cc super occaz peu km	2005	8700	19500
307 sw 2.0 hdi pack	2004	106000	8700
Peugeot 307 2.0 hdi xs 110cv Navtech. GPS.TEL.CLIM	2004	125000	6650
307 sw griffe 2.0l hdi 136 cv boite 6	2005	100000	5990
307 sw griffe 2.0l hdi 136 cv boite 6	2005	100000	5990
PEUGEOT 307 SW 2.0 L HDI 136 CV Sport FAP 47000kms	2007	47000	14000
PEUGEOT 307 SW 2.0 L HDI 136 CV Sport FAP 47000kms	2007	47000	14000
PEUGEOT 307 XS 2L HDI 90ch	2005	155000	8700
PEUGEOT 307 XS 2L HDI 90ch	2005	155000	6900
Peugeot 307 HDI 136ch Sportline	2004	109000	8800
PEUGEOT 307 2.0 16v 180 ch Feline	2006	32000	10000
PEUGEOT 307 2.0 16v 180 ch Feline	2006	32000	10000
Peugeot 307 break SW pack 110cv	2002	175000	5200
Peugeot 307 break SW pack 110cv	2002	175000	5200
307 xs 2.0 hdi 90 cv 3p	2002	79000	7800
Peugeot 307 2.0hdi 90ch x-line 5 portes	2004	123000	8500
307CC 2.0 HDI 136ch FAP Sport Pack CUIR INTEGRAL	2007	46200	17900
Peugeot 307 Hdi 90cv	2002	171700	5300
Urgent 307 x-line clim 2l hdi 90cv	2004	121000	6690
Peugeot 307 sw 2.0 HDI 110 cv navetech on board	2003	143000	7400
PEUGEOT 307 XT Premium	2002	184000	5200
307 hdi	2002	165000	5700
307 cc pack sport luxe 136 hdi 2l toute option	2006	94000	14400
Peugeot 307 sw	2004	125500	8000
307 CC 2.0 HDI Sport Gris 2006 . 47000 KM	2006	47000	14990
307 XT Premium - 2.0L - 110CV	2003	114000	7500
Peugeot 307 SW 2.0 Hdi 110cv &quote	2003	104905	8900
307 HDI 110 cv pack sport 5 portes	2002	225000	5000
Peugeot 307 sw 2.0 HDI	2003	156000	6200
307 cc 2.0 16v Pack Sport 138 ch	2004	94000	9000
Peugeot 308 feline	2008	44000	21000
Peugeot 308 feline	2008	44000	21000
Peugeot 308 Feline 2.0 HDI 136CV	2007	26000	18000
Peugeot 308 Feline 2.0 HDI 136CV	2007	26000	18000
Peugeot 3008 HDI 150 Premium de collaborateur	2009	13500	23800
Peugeot 308 Sw Diesel 2.0 HDI 136 cv Premium	2009	3900	16970
Peugeot 308 2.0 HDI 136 cv premium pack&virgule	2008	27370	16970
Peugeot 308 pack prenium	2007	65000	15000
Peugeot 406 2.0 Hdi 110 CV	2000	139000	3800
Peugeot 406 1.9l turbo diesel	1998	275000	2350
PEUGEOT 406 Coupe - 2.2L 16V Pack	2003	37500	12000
406 coupe 2.2L HDi 16s pack	2002	80000	9500
406 coupe 2.2L HDi 16s pack	2002	80000	9500
406 coupe 2.2 hdi turbo 16 soupapes fap	2002	111000	8200
Peugeot 406 2.2 hdi 136cv pack sport	2001	191000	6590
Peugeot 406 2.2 hdi 136cv pack sport	2001	191000	6590
Peugeot 406 2.0 hdi 110 pack confort	2001	161500	6800
Peugeot 406 2.0 hdi 110 pack confort	2001	161500	6800
Peugeot 406 2.2 hdi 136 cv	2002	140000	5600
Peugeot 406 2.2 hdi 136 cv	2002	140000	5600
Voiture 406 hdi 110 ch annee 1999 st	1999	275000	3700
Belle 406 2.2 hdi 136 cv pack sport	2002	155000	5900
Peugeot 406&virgule	2002	170000	5850
Peugeot 406 1.9L TD 110cv	1995	270000	2000
Peugeot 406 1.9L TD 110cv	1995	270000	2000
Peugeot 406 hdi	2001	264000	3700
Peugeot 406 coupe 2.2 hdi	2001	173000	7990
Peugeot 407 2.0 HDI 16v Executive Pack FAP 136cv	2004	110000	8590
407 hdi 2.0 136cv	2005	122000	8800
PEUGEOT 407 . 2&virgule	2006	146000	9750
Peugeot 407 sw 2.0hdi executive pack	2005	85000	12890
Peugeot 407 Coupe 2.0L HDI 136cv Feline 9800Kms	2008	9800	26500
Peugeot 407 -2.0 hdi -136 CV	2004	155000	8900
407 2.0l hdi 136cv executive	2005	101000	9200
407 2.0l hdi 136cv executive	2005	101000	9200
Peugeot 407 sw hdi 2.0 l 136 cv executive dms	2005	114000	8900
Peugeot 407 SW HDI avec garantie constructeur	2007	78000	14000
Peugeot 407 SW	2005	80000	10200
Peugeot 407 SW	2005	80000	10200
Peugeot 407 SW	2005	80000	10200
Urgent 407 sport pack 2L 136CV 13 500 euros	2007	40000	13500
Urgent 407 sport pack 2L 136CV 13 500 euros	2007	40000	13500
Urgent 407 sport pack 2L 136CV 13 500 euros	2007	40000	13500
Peugeot 407 sw hdi 126 confort	2005	150000	8400
Peugeot 407 sw hdi 126 confort	2005	150000	8400
Peugeot 407 2l hdi 136cv pack sport -prix a saisir	2007	150000	8900
Peugeot 407 hdi 110 cv fap pack	2006	84500	11000
407 griffe 2.0 hdi 136 ch bva gps ttes options	2005	128500	11900
407 griffe 2.0 hdi 136 ch bva gps ttes options	2005	128500	11900
407 sw 2.0 hdi 136 premium pack gps (05/2008)	2008	31900	17500
407 sw 2.0 hdi 136 premium pack gps (05/2008)	2008	31900	17500
PEUGEOT 407 2.0 HDI 136cv Sport Pack FAP	2004	94200	12300
PEUGEOT 407 2.0 HDI 136cv Sport Pack FAP	2004	94200	12300
407 hdi 136 sw 85000km am2005 toit panoramique	2005	85000	10800
407 Griffe 2.0 HDI 136 BVM 6 2004 Gris Anthracite	2004	151000	9990
407 Griffe 2.0 HDI 136 BVM 6 2004 Gris Anthracite	2004	151000	9990
Peugeot 407 sw pack sport 2.0hdi 136ch	2006	185700	9500
Peugeot 407 noir	2009	23000	22000
Peugeot 407 &virgule	2005	163000	7900
Peugeot 407 2.0 HDI 140 cv premium&virgule	2008	5769	14970
407 sw 2.0l bv6 sport pack ou echange	2005	140000	8600
Peugeot 407 2.2 HDI Griffe	2005	136000	9000
Peugeot 407 Griffe 2.0HDI 136ch	2005	73250	12400
Peugeot 407 2.2 essence Executive Pack	2004	64000	7850
407 sw 2.0 hdi 136 fap	2008	65000	12000
PEUGEOT 607 2.2 L hdi Premium Pack 136 CV	2004	124000	9400
PEUGEOT 607 2.2 L hdi Premium Pack 136 CV	2004	124000	9400
Peugeot 607	2001	260000	5400
Peugeot 607	2001	260000	5400
PEUGEOT 607 2.2 16v PACK 160CH	2001	106835	6200
Tres belle 607 hdi 2.2 l 136 cv pack luxe	2003	135617	6990
607 2.2 HDI 136cv 2003	2003	197700	6900
Peugeot 607 2.2HDI 136CV	2004	165000	6990
A saisir 607 2.2hdi 16s 2001	2001	117000	9000
Peugeot 607 2.2l 136ch	2001	140000	7800
Belle Peugeot 806 2.0l hdi	2000	168000	8500
Peugeot 806 hdi 110cv 5200	2000	210000	5200
Peugeot 806 hdi 110cv 5200	2000	210000	5200
Peugeot 807 2.2 hdi 136ch	2007	200000	14700
Peugeot 807 2.0 hdi 16v confort	2006	135000	12500
Peugeot 807 2.0 hdi 16v confort	2006	135000	12500
807 2.2hdi 136cv navetech on bord	2004	164000	9000
Peugeot 807 2.2L hdi 136CV SV pullman 6 places	2005	107000	12900
Peugeot 807 2.0HDi136	2006	139900	11990
PEUGEOT 807 2.2 HDI GPS COULEUR CUIR boite 6	2006	112500	12500
Urgent Peugeot 807 2&virgule	2006	53000	16500
Peugeot 807 2.2 hdi 136ch	2002	180000	8500
Peugeot 807 2.2 hdi 136ch	2002	180000	8500
807 2.2 HDI 136CV 7 places 55000 km	2006	55000	18000
PEUGEOT Partner Zenith 2L HDI 90cv	2003	125640	6480
RENAULT CLIO RS 2.0 16V Phase III 200 cv	2007	28973	14500
Renault Clio III RS Sport 2.0 16S 200ch	2006	44000	13900
Clio sport 2.0 l rs 200 ch	2007	32000	13900
Renault clio 2 1.9 l dti 80cv diesel cuir	2000	156000	4600
Renault clio 2 1.9 l dti 80cv diesel cuir	2000	156000	4600
CLIO 3 2.0 140 ch EXCEPTION BVA 3 p / ttes options	2008	18000	12750
Clio williams 200cv numerotee 1261	1994	154852	5000
Renault espace 3 privilege 124000km	2001	124000	9000
Grand Espace IV 2.0 DCI 175 FAP Alyum Plus	2007	51000	22000
Renault Espace IV(2) 2.0L DCI 150cv Privilege	2007	39000	12590
Renault Espace 2.2 DCi The Race 2002	2002	195000	5500
Renault Espace 2.2 DCi The Race 2002	2002	195000	5500
Renault espace 4 dci2.2 / 150 cv	2003	155000	8900
Renault espace III.2.2dti 115cv.7pl	1998	270000	3100
Renault espace iv	2003	160000	8000
Espace 2&virgule	2002	116000	7490
Grand espace 4	2004	65000	12900
Renault espace 4 - 2.0 dci 150cv	2007	36000	20000
ESPACE 4 1.9dci 120cv authent 10/03 1e main 5990E	2003	165700	5990
Espace III	2002	118500	6000
Renault Espace 2.2 l 150 cv Expression BV6	2003	107000	12000
Renault espace 4 2l2 dci 150cv garantie a voir	2006	97850	11800
Renault espace 1.9 DCI 117 CH Confort expression	2006	150000	7600
Renault espace 1.9 DCI 117 CH Confort expression	2006	150000	7600
Espace IV privilege 2.0T&virgule	2006	53800	14000
Espace 4 2.2 dci 150 ch	2003	127000	8500
Espace IV privilege 2.0T&virgule	2006	53800	14000
Espace 4 2.2 dci 150 ch	2003	127000	8500
Grand espace 3 2.2dCi PRIVILEGE 130cv	2002	106000	12000
Espace 4 privilege 2.0 dci 150 cv 7 sieges	2007	139500	13500
Espace 4 privilege 2.0 dci 150 cv 7 sieges	2007	139500	13500
RENAULT ESPACE 3 2.2 dCi 130	2001	209000	5800
Renault Espace IV 2.2 DCi	2005	92000	15000
Renault Espace IV 2.2 DCi	2005	92000	15000
Renault espace iv 2.2dci-150cv privilege gps+dvd	2004	110000	12490
Espace 4 2.2dci 150cv rallonge	2004	143000	9500
Renault espace 4	2005	105000	11000
Espace 4 2.2dci 150cv rallonge	2004	143000	9500
Renault espace 4	2005	105000	11000
Espace IV long 2.2 dci 150 cv	2004	80000	10000
Grand espace iv 2.0l dci 175 fab BVA alyum	2006	45261	10800
Espace IV long 2.2 dci 150 cv	2004	80000	10000
Renault espace 4 2.2l dci 150 cv	2004	149300	8800
Renault espace 4 2.2l dci 150 cv	2004	149300	8800
Renault Espace 2&virgule	2006	118600	10550
Renault espace 4 2.2 dci	2005	63500	9900
Renault espace 4 2.2 dci	2005	63500	9900
Renault espace iv 2.2 dci 150cv privilege	2002	162000	8000
Renault espace iv 2.2 dci 150cv privilege	2002	162000	8000
Grand espace 12/2005 Alyum + 80000 km diesel 1.9dc	2005	80000	13000
Renault Espace 2&virgule	2006	118006	10550
Renault espace 2.2dt rxe115cv 7sieges1999-308000km	1999	308000	2900
Renault Espace IV Privilege - 2.2 L DCI 150 ch	2004	115000	11500
Grand espace iv alyum plus	2008	40000	24500
Grand renault espace 3	2001	131000	6900
Espace dci	2005	185000	7250
Espace IV Privilege 2.2 dci de 12/2004	2004	101000	12500
Espace 4 dci 2.2 l	2005	154500	8800
Espace IV 1.9 dci 92000KM garanti 12 mois luxauto	2005	92000	9900
RENAULT Espace IV 2.2 DCI 150ch Privilege	2002	135000	9900
CEDE ou echange Renault grand espace III 2.2 DCI	2001	160000	6000
Espace 4 1.9dci 117ch+cuir	2005	108000	10000
Espace 3	2001	117800	6500
Espace renault 4	2003	130000	12000
Renault Grand Espace 2.2dt	2000	216000	6500
Renault Espace Alyum Plus	2006	76000	18000
Espace 4 privilege 2.2 dci 150 cv	2003	111980	8400
Espace 4 2.2 L DCI 150CV	2004	180000	8000
Grand espace 2.2 dci 7places	2001	79402	8500
Renault Kangoo 4X4 1&virgule	2005	173300	6800
Laguna estate	2006	95500	10800
Laguna Initiale 1.9 DCI 120	2003	106000	8900
Laguna ii 1.9 dci 120 cv dynamique bv6	2001	119000	5500
Laguna 2 Estate 2.2l DCI Luxe Privilege 150cv	2005	169000	7000
Laguna 2estate 1.9 dci 125cv confcarminat 2006 gps	2006	92545	7900
Laguna 2.2 dci 150 ch privilege	2002	110000	7200
Laguna 2.2 dci 150 ch privilege	2002	110000	7200
Laguna 1.9 dci 120ch gps xenon	2001	127000	5500
Laguna 2 phase 2 dci 110ch confort expression	2005	91500	6850
Renault laguna 1.9 dci 120 cv initiale 2001	2001	194000	6700
Renault laguna 1.9 dci 120 cv initiale 2001	2001	194000	6700
Laguna II estate 2.2 dci 150 CV	2002	137000	7000
Laguna 2 estate 1.9 dci 110 cv Expression	2003	123260	6500
Laguna 2 estate 1.9 dci 110 cv Expression	2003	123260	6500
Renault Laguna Estate 1.9 DCI 11O Pack Authentique	2005	82500	8490
LAGUNA INITIALE DCI 120cv 1&virgule	2005	83000	10000
Renault laguna 2 estate dynamique 1.9 dci	2005	77000	10500
LAGUNA INITIALE DCI 120cv 1&virgule	2005	83000	10000
Renault laguna 2 estate dynamique 1.9 dci	2005	77000	10500
Renault Laguna Estate 1.9 DCI 11O Pack Authentique	2005	82500	8490
Renault laguna 2 estate dynamique 1.9 dci	2005	77000	10500
Laguna II 2.2 dci 150cv luxe privilege	2002	113000	5800
Laguna II 1.9 DCI 120 ch Sport Dynamique	2003	135000	15300
Laguna II 1.9 DCI 120 ch Sport Dynamique	2003	135000	12300
Laguna break 1.9dci 120ch	2002	170000	4200
LAGUNA 2 PHASE 2 1.9 DCI LUXE PRIVILEGE +options	2006	86183	11000
LAGUNA 2 PHASE 2 1.9 DCI LUXE PRIVILEGE +options	2006	86183	11000
Renault Laguna III 2.0 DCI 150 dynamique	2008	30638	15750
Laguna 2 1.9dci echange	2002	175500	6000
Laguna 2 1.9dci echange	2002	175500	6000
Renault Laguna III Estate DCI 150 Exp. - 24500 km	2008	24500	15890
Renault laguna 1.9 dci 110cv emotion	2005	127601	8700
Renault laguna 1.9 dci 110cv emotion	2005	127601	8700
Renault Laguna 2 1.9 dci 120ch privilege GPS	2004	168000	4900
Renault laguna estate 1.9dci 120Ch	2005	155000	6800
Laguna Coupe GT 180 dCi Cuir GPS PROMO 25990	2009	12424	25990
Renault laguna ii 2.0 dci 150	1997	99500	10750
Renault Laguna 3 Estate 2.0 dCi 150ch Dynamique	2008	34000	18500
Laguna 2 estate	2003	126000	6500
Renault laguna Estate 1.9 DCI 120CV	2002	172500	4350
Laguna 1.9 dci 120cv estate privilege	2003	116000	6800
Laguna II 1.9 dci 110 cv	2004	116100	7000
Renault laguna estate 1.9dci 120ch impulsion	2004	96000	9800
RENAULT LAGUNA II Phase 2 Essence 2.0T Luxe Priv	2005	35000	9000
TRES BELLE LAGUNA 1.9DCI PRIVILEGE de 2003	2003	182000	4890
Laguna 3 berline Privilege 2&virgule	2007	35000	17700
Laguna 2.2l dci 150ch bv6 faible km annee 01/2002	2002	96000	4800
Renault Laguna III estate2.0 Dci 130 cv Expression	2008	26359	14970
Renault Laguna III berline 2.0 Dci 150 cv BVA6 Pr	2008	12043	16490
LAGUNA 1.9 DCI 120ch gps xenon	2001	127000	6000
Laguna 2 dci 110 cv expression	2002	120000	5000
Laguna ph 2	2005	104000	7000
Laguna 2 dci 125cv dynamique 08/2006 1ere main	2006	157000	6700
Renault laguna 2	2001	133000	5000
Laguna 2	2001	172800	4400
Renault laguna 2 dci	2002	187000	4500
Renault laguna estate privilege	2001	100000	7000
Renault Laguna 1 phase 2 Dedicace 1&virgule	2000	133000	2700
Laguna Break Renault 1.9 DCI 120CV GARANTIE 6 MOIS	2002	200000	4800
Renault Laguna Luxe Privilege 1.9dci 120cv	2001	133200	4990
LAGUNA II Ph2 1.9 dCi 125ch LUXE DYNAMIQUE	2006	64816	10124
Laguna estate luxe privilege 1.9 dci 120cv	2005	175000	7500
Laguna estate luxe privilege 1.9 dci 120cv	2005	175000	7500
RENAULT LAGUNA III 2.0l 140ch	2007	23000	17900
LAGUNA II Phase 2 - 1&virgule	2005	132000	8700
Renault master frigorifique	2004	211000	7500
Megane II 1.9 dci 120 ch luxe privilege	2003	138000	7500
Renault Megane II Classic 1.9 dci 120cv 33 000km	2005	33000	8390
Megane cc luxe privilege 1.9 dci 120ch ss cote	2006	68000	13700
Megane cc luxe privilege 1.9 dci 120ch ss cote	2006	68000	13700
Renault megane 1.9dci 120ch	2003	179000	5400
Megane II 1L9 DCI 120 CV	2003	135000	5500
Megane 2 DCI	2002	135000	6700
Megane cc	2006	75000	5500
Megane coupe	2000	193000	4100
Megane 2 1.9 DCI 120 expression	2003	146000	6000
Megane 2 dci 120 luxe authentique	2003	114000	6900
Megane 2 dci 120 luxe authentique	2003	114000	6900
Megane II CC 2.0 dci 150cv Dynamique 2007	2007	35500	15500
Megane II CC 2.0 dci 150cv Dynamique 2007	2007	35500	15500
Megane 2 estate 1.9 dci 120cv	2003	176000	6900
Megane 2 estate 1.9 dci 120cv	2003	176000	6900
Renault Megane R26 F1 Team - 18500	2007	35000	18500
Megane 2 estate 1.9 dci 120cv	2003	176000	6900
Renault Megane R26 F1 Team - 18500	2007	35000	18500
Renault megane 22003	2003	187000	5300
Renault megane 22003	2003	187000	5300
Renault megane 1.9dti face2 excelent etat general	1999	272000	2650
Megane estate sport dynamique 1&virgule	2005	123500	7700
Megane estate sport dynamique 1&virgule	2005	123500	7700
Renault megane break estate 1&virgule	2005	88000	10000
Renault megane break estate 1&virgule	2005	88000	10000
Renault megane scenic 2 1&virgule	2005	99000	10500
Renault megane II (2) 2.0 t 230 rs f1 team R26 3p	2007	25000	18900
Renault megane II (2) 2.0 t 230 rs f1 team R26 3p	2007	25000	18900
Megane estate confort expression130cv 1ere main	2006	128000	7100
Megane estate confort expression130cv 1ere main	2006	128000	7100
Megane 3 130 DCi Dynamique PROMO 16490	2008	24123	16490
Megane 3 130 DCi Dynamique PROMO 16490	2008	24123	16490
Megane CC DCI luxe	2004	125000	10800
Megane dci expression 2007 1ere main 120000km	2007	120000	5800
Megane 2 Sport Dynamique	2003	105000	7800
Renault MEGANE II Luxe Privilege	2003	110000	17800
Renault megane 1.9 dci	2006	144000	7800
Renault Megane 1.9 DCi 120cv Confort expression	2005	67000	8500
Megane II 1.9 DCI 130 cv	2007	65000	11900
Renault megane	2004	150000	6700
TOP Megane Sport Dynamique oct 2005	2006	99500	8500
Renault Megane 1.9dci 130CV FAP	2006	75000	9500
Renault megane dci cabriolet	2004	239411	8900
Renault megane	2000	195000	2800
Renault Megane II 1.9l DCI 120cv	2003	135000	6000
Renault megane 2 II 120cv 1.9 dci 7 ch ARGUS 9500	2005	137000	6399
Megane 2 1.9l dci 120ch sport dynamique	2004	118000	6500
Megane cc	2005	137500	9500
Megane 1.9 dci 120 ch	2005	86900	10300
Megane2 1.9L DCI 120 ch	2004	152000	7900
Renault senic II dci	2003	126220	8380
Gd scenic 2.0 dci 150 jade&virgule	2006	94000	14500
Scenic 2 - 1.9 DCI Luxe Privilege	2004	120000	7900
Scenic aigle 1&virgule	2002	181000	5200
Renault scenic ii	2006	66000	11000
Scenic 1.9 dci	2005	55000	8500
Jolie renault scenic 1.9 dci 120cv luxe privilege	2003	152000	5990
Renault Scenic II 1.9DCI 120CH 2004 118000KM	2004	118000	7200
Renault grand scenic pack expression 1.9l dci 120	2005	83421	10200
Renault scenic 1.9 dci 120 cv serie luxe dynamique	2004	133642	6700
Renault scenic 2 1.9 dci 120 ch. luxe privilege	2004	121000	7100
Renault Scenic 2 1.9 DCI 120 cv Exception	2005	108647	7790
Renault Scenic 2 1.9 DCI 120 cv Exception	2005	108647	7790
SCENIC 2 conft expression 1.9 Dci 120cv	2003	161200	6900
A saisir renault scenic 1.9dci 130cv exp gps	2006	633300	11800
A saisir renault scenic 1.9dci 130cv exp gps	2006	633300	11800
A saisir renault scenic 1.9dci 130cv exp gps	2006	633300	11800
GRAND SCENIC Luxe Privilege 1.9 d Prix aÂ  debattre	2005	50500	13500
Renault scenic 1.9dci fairway 105ch	2002	115200	6300
Grand Scenic 1&virgule	2005	73000	11000
Grand scenic luxe dynamique 1.9 dci 130ch fap	2005	69000	12900
Scenic 2 - 1&virgule	2003	108000	7800
SCENIC II Excepion 130cv	2008	12000	18750
Scenic 2 - 1&virgule	2003	108000	7800
SCENIC II Excepion 130cv	2008	12000	18750
Scenic confort dynamique 150 cv 2006	2006	95000	9900
Grand Scenic 7 pl Luxe Privilege DCI 120cv 76000Km	2005	76000	11900
Renault scenic II 1l9 DCI 120 cv boite 6	2003	130000	6000
Renault Scenic 1.9DCI Confort Expression	2004	139000	6300
Grand Scenic 7 pl Luxe Privilege DCI 120cv 76000Km	2005	76000	11900
Scenic dci echange possible	2001	191000	4800
Renault grand scenic 1.9dci 130cv luxe privilege	2006	107000	10990
Renault scenic 1.9dci 120cv dynamique to pano	2006	112000	9000
Scenic dci120cv luxe dynamique toit pano gps cuir	2005	106000	8500
Renault scenic	2008	31000	17900
Scenic dci120cv luxe dynamique toit pano gps cuir	2005	106000	8500
Renault scenic	2008	31000	17900
Renault scenic iii 1.9 dci 105cv luxe dynamique	2005	70991	11500
Renault scenic grand confort gps 7 place dci dms	2005	113000	7900
Renault Scenic III 1.9 DCI 130 FAP PRIVILEGE 7 pl	2009	4159	22500
Scenic 1.9 dci 12o ch luxe dynamique	2005	132000	8500
Scenic 1.9 dci 12o ch luxe dynamique	2005	132000	8500
Renault Grand Scenic 3 - 2.0 DCI 160 JADE 7 places	2009	49900	19970
Renault Grand Scenic 3 - 2.0 DCI 160 JADE 7 places	2009	49900	19970
Scenic II 1.9L dCi 130cv Luxe Dynamique	2005	66000	14200
Grand Scenic 3 Expression 7 places 1.9 dCi 130 cv	2009	10000	20700
Renault scenic ii 1.9 dci 120 ch confort expressio	2004	70000	9500
Renault scenic dci 120cv sport dynamique ct vierge	2004	78000	8990
Scenic 2 privilege 1.9 dci 130cv 7 places gtie 1an	2006	50000	13990
Renault Scenic II 1.9 DCI 120 CH LUXE	2005	100877	9700
Renault scenic 1.9 dci confort expression	2003	133780	9300
RENAULT SCENIC II 1.9l dci 120ch Pack Expression	2005	95000	8300
Scenic 1.9dci 120ch de 2006 echange possible	2006	155000	8000
Senic RX4 toutes options	2002	110000	7000
SENIC II CONFORT EXPRESSION 1&virgule	2004	115000	6800
Grand scenic 2.0 dci 150 ch dynamique 5 places	2007	38429	15790
Grand Scenic 5 Places JADE 1.9Dci 130 CV	2009	5000	24000
Renault Grand Scenic III 2.0 Dci 160 cv Jade 7 pl	2009	49500	19970
Grand scenic 1.9 dci 120 cv 7 places sarl luxauto	2005	135000	8900
Renault scenic 1.9l dti 100cv	2000	195000	3300
Grand SCENIC 7 places 1.9DCI 120&virgule	2005	57800	12500
Scenic I phase II 1&virgule	2002	111000	6200
Renault scenic 2 1.9 dci 120 ch confort dynamique	2005	112000	8400
Renault scenic ii 1.9 dci 130 cv exception	2008	55000	15500
Grand Scenic 1.9 dci 120ch luxe TOIT PANORAMIQUE	2004	98000	10200
Renault Scenic II 1.9 dci 120ch confort expression	2005	81000	9800
Renault Scenic luxe privilege 1.9 dci 120 cv	2006	110000	11000
Grand Scenic Exception 1&virgule	2005	55000	14500
Scenic moteur neuf 1.9dci 120ch 2003	2003	1	10500
Renault scenic 1.9 dti	1999	190834	3500
Renault Scenic I phase 2 (Megane)	2001	85000	6500
Scenic 2 luxe privilege 1.9dci 120cv	2005	50100	11200
Renault scenic exception 1.9l dci 120 ch	2005	80680	13600
Magnifique scenic2 finition JADE 150 cv de 2007	2007	91500	18900
Renault trafic passenger 1.9 dci 100ch 8places	2004	131050	12500
Trafic 1.9 l dci 100 cv 9 places 79 000 kms.tbe	2003	79000	12200
Renault trafic minibus	2005	112000	11900
Renault velsatis carminat 2.2 dci 150cv	2005	91976	8990
VelSatis 2.2 DCI GPS 3D 2006 Carminat	2006	171000	7300
VelSatis 2.2 DCI GPS 3D 2006 Carminat	2006	171000	7300
Velsatis 2.2 dci 150 cv	2003	145000	6500
Velsatis 2.2 dci 150 cv	2003	145000	6500
Velsatis 2.2 dci 150 cv	2003	145000	6500
SAAB 9-3 Break Sport-Hatch 9.3 9 3	2006	78000	13000
SAAB 9-3 Break Sport-Hatch 9.3 9 3	2006	78000	13000
Saab 9.3 Vector TID 150	2006	58500	15990
SAAB 9-3 2.0t SE 150 cv	2001	80000	5700
Seat Alhambra 1.9 TDI 115 CH 7 places	2010	7000	19900
Saab 2.0 l turbo se	2000	135000	7500
Saab 2.0 l turbo se	2000	135000	7500
Seat altea 1.9tdi seduce -- prix a debattre -	2009	18200	15500
Altea 2.0 tdi 140cv	2005	123500	9500
Seat Altea 1.9 TDI 105 CV BVMS STYLANCE	2006	66500	10500
Seat altea 1.9 tdi 105cv an 04 151000km 6900e	2004	151000	6900
Seat altea seduce 1.9 tdi 105 ch	2009	10500	15900
Seat cordoba sport 1.9 tdi 90cv	2001	130000	4490
Seat Ibiza Stylance Noir 1.9 TDI 105CV	2009	11400	12900
Seat Ibiza Stylance Noir 1.9 TDI 105CV	2009	11400	12900
Urgent jolie seat ibiza 1.9 tdi 130ch fr	2007	68500	10600
Urgent jolie seat ibiza 1.9 tdi 130ch fr	2007	68500	10600
Seat ibiza sport edition 1&virgule	2008	53000	9200
Seat ibiza cupra 1.9tdi 160ch	2007	58000	12500
Nouvelle seat ibiza tdi 105 cv 08/2008	2008	36000	11800
Nouvelle seat ibiza grand via 1&virgule	2009	5300	15000
SEAT IBIZA 1.9 TDi 100CH	2004	85000	7900
Seat Ibiza Fresh 1.9L TDI 100ch	2003	117500	5400
Seat ibiza 1&virgule	2007	39500	10900
Seat leon 1.9 TDI - 105 cv	2008	34000	15500
Superbe SEAT LEON II 2.0L TDI 140 ch	2006	95000	12500
Superbe SEAT LEON II 2.0L TDI 140 ch	2006	95000	12500
Seat leon 1.9 tdi 110ch signo grtie 3 mois	2002	162200	5990
Seat Leon 2.0 TDI 170 CV FR BV6	2008	45450	18990
SEAT LEON II 1.9 tdi 105ch 9600 86000km	2006	86000	9600
Seat leon (a debattre)	2009	26000	17000
Seat leon 1.9l TDI 105 stylance 2008	2008	41000	13000
Seat Leon Stylance 1&virgule	2007	91000	9900
URGENT SEAT leon 1.9 TDI 105ch Stylance	2006	80000	11500
SEAT LEON 2.0 TDI 140ch STYLANCE	2008	33000	16000
Seat leon fr 2.0 tdi 170 ch	2008	29000	17500
URGENT seat leon 2.0 tdi 140 cv 2008 blanche	2008	30800	13800
Seat leon	2007	37000	13000
Seat Leon 1.9 Tdi Last edition	2006	114000	8100
Seat leon 1.9 tdi	2007	20000	12900
Seat leon bleu tdi 1.9 110ch	2002	151000	4500
Seat toledo 2.0 tdi super prix	2006	112000	8390
Seat toledo style 2.0 tdi 140 cv	2009	10	19793
Seat toledo style 2.0 tdi 140 cv	2009	10	19793
Seat toledo style 2.0 tdi 140 cv	2009	10	19793
Skoda Fabia RS 1.9L TDI 175ch	2005	115000	10000
Skoda Fabia combi pack clim	2005	74500	6300
Subaru impreza wrx 225 cv	2003	118165	12400
Skoda octavia tdi	2006	58772	10900
Skoda octavia 1.9 tdi 110	2001	114000	6000
Skoda Octavia 2.0 TDI 140 Confort	2005	95000	10900
Skoda roomster tdi	2007	29000	14190
Skoda roomster tdi	2007	29000	14190
Toyota auris 2.0 D4-D 126cv linea sol	2007	21500	12990
Subaru impreza WRX	2008	15000	12600
Subaru Impreza 2.0 GT Turbo 217 CV 5P	2000	124000	9840
Subaru Impreza 2.0 GT Turbo 217 CV 5P	2000	124000	9840
Suzuki vitara 2.0 td modele 1999	1998	230000	3800
Belle Toyota avensis II 2.0 D4D 116 ch Sol	2003	76000	11000
Volkswagen bora break 1.9l tdi 115cv bv6	2002	154000	7000
Volkswagen bora break 1.9l tdi 115cv bv6	2002	154000	7000
Toyota corolla verso 7 places 2.2 diesel 136cv	2007	56500	15400
TOYOTA Land cruiser 3L D4-D VX 165 CV cuir 09/2002	2002	168000	11100
Volkswagen GOLF V 1.9 L TDI 105 SPORT GOLF 5 PORTE	2004	58500	12450
Volkswagen Golf 1.9 TDI 105 CH confort ling	2007	130000	11800
Golf gtd 2.0l 170 dsg6	2009	6700	28650
Golf gtd 2.0l 170 dsg6	2009	6700	28650
Golf v plus 1.9 tdi 105 confort gps - echange	2006	82000	11900
Golf v plus 1.9 tdi 105 confort gps - echange	2006	82000	11900
Volkswagen golf 5 break 1.9 tdi confortline 105 cv	2010	1	20000
Golf iv tdi 110cv 1.9 tdi 105 000km	2002	100000	6590
Golf 5 TDI 105 Goal	2006	70000	13900
Golf iv tdi 110cv 1.9 tdi 105 000km	2002	100000	6590
Volkswagen golf 5 2.0 tdi 140 sport	2004	165800	8500
Volkswagen golf 5 2.0 tdi 140 sport	2004	165800	8500
Golf 5 tdi confortline 2008	2008	46000	16000
Volkswagen Golf Plus 2.0L TDI - 04/09 - 7240km	2009	7240	21300
Volkswagen Golf Plus 2.0L TDI - 04/09 - 7240km	2009	7240	21300
Golf VI TDI 110 FAP Carat Pack Hiver : TARIF -15%	2009	10	22990
Golf 6 cofort 2.0tdi 110 cv 01/2009 pdc av+ar+clim	2009	19757	18990
Golf V GT TDI 170cv	2007	45000	17900
Golf V 2.0 TDI 140 cv Sport	2005	80000	12700
Golf 4 iv 1.9tdi 90cv (echange possible)	1998	145000	6000
Golf 4 2003 match 2 nickel	2003	210000	7500
Volkswagen Jetta 1.9 TDI Comfortline Alu/	2008	31000	14990
Volkswagen Jetta TDI 136cv	2006	111500	11500
T 5 multivan 174cv haut de gamme	2003	195860	19600
NEW BEETLE - 1.9 TDI 90 - modele 2000	1999	205000	5900
Volkswagen New Beetle 2.0i HIGHLINE 115CH 73 700KM	2000	73700	8290
Volkswagen New Beetle 2.0i HIGHLINE 115CH 73 700KM	2000	73700	8290
VW New Beetle 1.9TDI / Noire / Pack Sunsea / 105ch	2007	50560	13000
MITSUBISHI OUTLANDER ETAT NEUF et GARANTIE	2008	59500	20500
Volkswagen Passat CC 2.0 TDI Sportline&virgule	2009	28000	24990
Volkswagen Passat CC 2.0 TDI Sportline	2009	28000	24990
VW PASSAT VI TDI 140 BV6 Cft. 1ere MAIN+carnet VW	2005	137000	9990
VOLKSWAGEN PASSAT 2.0 TDI 140ch CONFORTLINE	2009	12500	19490
Volkswagen Passat 1.9 TDI 130 ch	2001	210000	5700
Volkswagen Passat 1.9 TDI 130 ch	2001	210000	5700
Volkswagen Passat 1.9 TDI 130 ch	2001	210000	5700
Volkswagen passat 2.0 tdi comfortline 140 cv	2009	1	22700
Volkswagen Passat 1.9 tdi 105 cv bvm5 confortline	2008	40105	15990
Vw passat 2.0 tdi 140ch confortline	2006	123000	13300
Vw passat 2.0 tdi 140ch confortline	2006	123000	13300
Passat Carat TDI 140	2007	48058	18800
Passat Carat TDI 140	2007	48058	18800
Volkswagen passat break tdi carat diesel	2006	57000	19890
Volkswagen passat business line 2 - tdi 130 ch	2004	168000	7600
VOLKSWAGEN PASSAT TDI 105ch CONFORTLINE	2009	22000	18990
Passat III 2.0 tdi confort - 2006	2006	79000	12200
POLO SPORT 1.9TDI 100CH&virgule	2007	60000	11900
POLO SPORT 1.9TDI 100CH&virgule	2007	60000	11900
Cross polo 1.9l TDI 100 ch	2006	69000	12250
Scirocco sportline 2.0 TDI 140 ch	2009	6500	24000
Volkswagen Scirocco 2.0L TDI 140ch - 04/2009	2009	27500	22800
Volkswagen Scirocco 2.0L TDI 140ch - 04/2009	2009	27500	22800
VW Scirocco 2.0 TSI DSG Blanc	2008	9000	25000
VW SCIROCCO 2.0 PACK SPORT 200 Cv 2009	2009	25900	22500
VW Scirocco 2&virgule	2009	8400	28200
Volkswagen Sharan 1.9 TDi 110CV 7 places	2000	215742	5500
Volkswagen tiguan r-line blanc tdi 140	2009	11000	36000
Volkswagen tiguan r-line blanc tdi 140	2009	11000	36000
Tiguan carat 2.0 tdi 170 ch	2008	65000	26900
Volkswagen Touran - 1.9 tdi 105 match 7pl	2006	79300	15000
Volkswagen touran tdi match	2006	101200	13990
Volkswagen Touran	2005	53000	12500
Volkswagen Touran	2005	53000	12500
Volkswagen touran 1.9 tdi 105 ch carrat	2005	155000	9900
Volkswagen touran 1.9 tdi 105 ch carrat	2005	155000	9900
VOLKSWAGEN TOURAN 2.0 tdi 140 cv bvm6 CONFORT	2004	141505	9550
VOLKSWAGEN TOURAN 2.0 tdi 140 cv bvm6 CONFORT	2004	141505	9550
Touran 1.9 tdi 105 cv	2003	142000	12600
Touran 2.0 tdi 140 cv boite dsg	2005	94000	11500
Touran TDI 140 CV - DSG - SPORT 7 pl. Pack Hiver	2005	145000	12000
TOURAN SPORT TDI 140ch 7 places	2008	47500	23000
Touran dsg 2.0 tdi 140	2007	127600	13500
Volkswagen Jetta TDI 136cv	2006	111500	11500
Volkswagen jetta 2.0 tdi comfortline 140cv bva	2009	1	23800
Volvo c30 2.0 d 136cv momentum	2007	50500	15990
VOLVO C70 CC 2.0d 136 ch premium edition	2009	2500	28990
Volvo s40	2001	147000	7000
Volvo s40	2001	147000	7000
Volvo S40 2.0 turbo 1998	1998	220000	2200
Volvo S60 2.4 D Momentum &virgule	2007	39050	15700
VOLVO V40 SUMMUN :1&virgule	1999	200000	5300
